index,SIU_CUST_YN
14639,0
19807,0
18285,0
2662,0
18786,0
1148,0
14290,0
19748,0
9565,0
11665,0
12840,0
380,0
12879,0
2993,0
5564,0
7801,0
10133,0
998,0
15423,0
2661,0
17400,0
149,0
11160,0
3855,0
13162,0
1593,0
7168,0
16056,0
17930,0
11406,0
5749,0
5083,0
14760,0
15602,0
5597,0
16833,0
18545,0
3989,0
14734,0
16691,0
18496,0
9529,0
9734,0
10262,0
2089,0
14815,0
19721,0
20149,0
14650,0
1122,0
17814,0
10835,0
14805,0
18501,0
1253,0
12650,0
842,0
8815,0
6193,0
12111,0
15477,0
19544,0
1022,0
8255,0
12788,0
9849,0
20461,0
8204,0
17318,0
3742,0
17760,0
1448,0
9737,0
4397,0
17684,0
18699,0
7726,0
7103,0
16645,0
5706,0
5399,0
17199,0
16781,0
9668,0
5096,0
14879,0
12239,1
19009,0
9442,0
19987,0
13750,0
15237,0
2473,0
19719,0
1385,0
20059,0
12200,0
19426,0
5766,0
6047,0
17678,0
19249,0
16109,0
12248,0
19050,0
20506,0
8040,0
16823,0
18848,0
14548,0
18590,0
16849,0
20086,0
20405,0
4329,0
19646,0
17878,0
16602,1
5775,0
8402,0
15163,0
10545,0
2822,0
19042,0
13961,0
17407,0
9411,0
19258,0
17515,0
10300,0
19310,0
16012,0
7025,0
7902,0
17031,0
17064,0
18548,0
14845,0
20492,0
9954,0
6780,0
17436,0
5640,0
9287,0
4091,0
15726,0
14934,0
10815,0
4118,0
3499,0
4112,0
18943,0
19124,0
14971,0
19518,0
1245,0
16569,0
1379,0
19613,0
15538,0
6651,0
16460,0
19623,0
2997,0
4240,0
16027,0
14727,0
19957,0
17119,0
17352,0
2488,0
18560,0
6461,0
4211,0
7002,0
14954,0
4725,0
18905,0
11384,0
9505,1
9063,0
4381,0
12865,0
14306,0
20085,0
20437,0
14284,0
19977,0
9896,0
20129,0
4474,0
7399,0
18213,0
19514,0
19044,0
12960,0
2926,0
9669,0
8012,0
5419,1
9244,0
14922,0
18143,0
20030,0
4311,0
18929,1
19384,0
11609,0
10942,0
15652,0
18260,0
15759,0
10109,0
17286,0
15581,0
8609,0
12873,0
2241,0
10672,0
20375,0
16529,0
19500,0
19395,0
6821,0
5262,0
12703,1
3257,0
19734,0
755,0
5091,0
14141,0
5427,0
15241,0
7376,1
8997,0
26,0
6604,1
15006,0
19504,0
20343,0
18362,0
16831,0
3775,0
18835,0
5417,0
3992,0
5586,0
18491,0
18764,0
9856,0
15918,1
16205,0
11389,0
15645,0
17723,1
2639,0
12979,0
16477,0
2062,0
18029,0
12670,0
16099,0
4399,0
1436,0
13107,0
18526,0
19971,0
12714,0
18123,0
8320,0
19333,0
11228,0
16247,0
19084,0
2123,0
16601,0
7549,0
5184,0
6289,0
3932,0
11500,0
5698,0
15235,0
18600,0
10623,0
6622,0
18811,0
8347,0
19510,0
17123,0
16436,0
16351,0
5162,0
18535,0
5395,0
16756,0
8026,0
20301,0
15129,0
15093,0
2700,0
16873,0
10442,0
19516,0
3554,0
7846,0
12253,0
112,0
19768,0
7619,0
2292,0
8275,0
18369,0
14350,0
7006,0
8224,0
16093,0
17058,0
17551,0
8244,0
19806,0
15688,0
1932,1
15747,0
10135,0
19294,0
17740,0
4492,0
18955,0
17709,0
20007,0
18058,0
7193,0
19904,0
18739,0
14472,0
20391,0
19293,0
6251,0
20289,0
13279,0
16669,0
16456,0
20246,0
17014,0
18743,0
19840,0
7519,0
10238,0
3762,0
5109,0
20352,0
20582,0
12857,0
16077,0
9017,0
18767,0
9903,0
15876,0
15229,0
19524,0
12254,0
1762,0
19689,0
2599,0
15517,0
10112,0
15070,0
4971,0
20324,0
6359,0
18588,0
16984,0
17680,0
15745,0
4854,0
5320,0
539,0
7114,0
17955,0
17450,0
11922,0
4014,0
18077,0
14486,0
20080,0
15934,0
10965,0
8574,0
3298,0
9722,0
10101,0
6438,0
1411,0
3545,0
3656,0
14454,0
14613,0
10700,0
13130,0
13671,0
16060,0
10734,0
14927,0
8481,0
10836,0
4318,0
15659,0
6831,0
8382,0
13021,0
10577,0
38,0
366,0
8715,0
9851,0
13856,0
4220,0
13118,0
12365,0
10089,0
20557,0
18134,0
12645,0
15663,0
5028,0
11378,0
9666,0
5758,0
10048,0
7802,0
16603,0
13610,1
13761,0
1368,0
1185,0
13085,0
13173,1
16745,0
2222,0
7068,0
14404,0
12090,0
9710,0
2737,0
6935,0
20195,0
2344,0
9138,0
9114,0
18804,0
2755,0
3212,0
9270,0
20188,0
3597,0
11354,0
17413,0
6934,0
9084,0
14110,0
9883,0
1513,0
13476,0
17220,0
2016,0
1111,0
6907,0
9859,0
2369,0
11466,0
14814,0
642,0
1924,0
2655,0
1049,0
3679,0
7663,0
10448,0
7475,0
6945,0
13201,0
4227,0
13078,0
11342,0
16457,0
5688,0
7971,0
6375,0
6278,0
14530,0
15532,0
416,0
16987,0
9923,0
14176,0
1715,0
2329,0
8620,0
17780,0
6609,0
2409,0
493,0
537,0
20211,0
17227,0
8457,0
12681,0
1146,0
11417,0
2515,0
11325,0
15367,0
16302,0
5899,0
13257,0
11507,0
14165,0
12931,0
15331,0
4053,0
17883,0
4348,0
16223,0
14353,0
12704,0
8459,0
17335,0
16794,0
7146,0
2110,0
76,0
13658,0
7086,0
4047,0
2492,0
10141,0
8974,0
20345,0
3133,0
1439,0
6574,0
17530,0
19731,0
8672,0
19551,0
5409,0
1963,1
19604,0
393,0
12202,0
1824,0
3329,0
8526,0
2166,0
9719,0
11759,0
8804,1
16735,0
2553,0
1040,0
17541,0
120,0
4541,0
2509,0
8793,0
1044,0
1840,0
10464,0
2311,0
5728,0
8638,0
4095,0
5065,0
354,0
7160,0
15731,0
12710,0
18408,0
19534,0
6752,0
9408,0
12126,0
19067,0
4379,0
11957,0
12476,0
2892,0
2880,0
13562,0
15430,0
9327,0
641,0
18,0
1480,0
12907,0
15961,0
7366,0
2565,0
12886,0
5966,0
14260,0
11445,0
10523,0
1706,0
2925,0
4813,0
9775,0
18680,0
4248,0
10099,1
1366,0
1191,0
305,0
2313,0
14713,0
10073,0
1211,0
12668,0
390,0
8362,0
9615,0
8386,0
4535,0
16636,0
13210,0
8497,0
12142,0
10680,0
11780,0
14917,0
13861,0
11220,0
16208,0
5578,0
124,0
11795,0
16746,0
5884,0
17223,0
8263,0
16152,0
5462,0
1262,0
6838,0
7082,0
8328,0
13596,0
16322,0
10751,0
20440,0
3731,0
10578,0
1538,0
2749,0
9784,1
13705,0
12096,0
4727,0
1381,0
8448,0
3112,0
13778,0
17915,0
10096,0
12109,1
15036,0
12464,0
5469,0
14537,0
18428,0
4406,0
15222,0
9873,0
9110,0
11787,0
3041,0
6368,0
15822,0
17175,0
11801,0
20326,0
11718,0
11303,0
13774,0
10106,0
15317,0
10682,0
9181,0
10147,0
1828,0
10589,0
6229,0
1906,0
3636,0
13550,0
6731,0
4729,1
5644,0
16347,0
16244,0
20528,0
6102,0
3444,0
2200,0
14555,0
11649,0
13808,0
14820,0
5390,0
1413,0
12255,0
14618,0
14329,0
9808,0
2974,1
5748,0
7247,0
2953,0
13475,0
3795,0
2281,0
7250,0
14455,0
7217,0
8796,0
2394,0
14273,0
2746,0
8673,0
13954,0
6478,0
13881,0
449,0
2449,0
454,0
4974,0
8454,0
9660,0
5047,0
10263,0
14542,0
14584,0
10739,0
2596,0
5742,1
4352,0
9129,0
9989,0
6874,0
4980,0
11141,0
2099,0
1275,0
2132,0
10657,0
11761,0
4768,0
9977,0
8917,0
9731,0
11304,0
7221,0
8451,0
3851,0
4950,0
6624,0
12976,0
5792,0
13627,0
3995,0
8591,0
2807,0
4807,0
2390,0
12957,0
4405,0
10510,0
8355,0
1418,0
11573,0
12821,0
9864,0
2574,0
10125,0
7899,0
12393,0
8492,0
3599,0
10227,0
8079,0
11038,0
12119,0
8603,0
6698,0
10126,0
14044,1
5761,0
12445,0
10777,0
4407,0
6740,0
4081,0
3942,0
1327,0
7781,0
14518,0
5786,0
12947,0
11661,0
1370,0
13090,0
8351,0
11621,0
7125,0
1818,0
5157,0
7733,0
10876,0
2977,0
1236,0
7732,0
7284,0
9382,0
6650,0
9938,0
5496,0
6489,0
5894,0
12042,0
11566,0
3307,0
9816,0
7713,0
5617,0
7150,1
7949,0
4464,0
12295,0
5620,0
11535,0
2094,0
14481,0
925,0
8203,0
12377,0
4863,0
8763,0
9387,0
5942,0
1791,0
9426,0
5278,0
7222,0
1254,1
10786,0
7197,0
14529,0
14533,0
11627,0
10385,0
4383,0
3404,0
7112,0
12477,0
14439,1
14517,0
14568,0
13126,0
4424,0
13905,0
11655,0
2816,0
4057,0
3678,0
7161,0
7092,0
4589,0
8359,0
13231,0
5164,0
14228,0
2882,0
962,0
14538,0
4316,0
8950,0
13445,0
11259,0
13384,0
14508,0
497,0
13710,0
13098,0
11608,0
5924,0
702,0
4866,0
5612,0
7878,1
13138,0
8062,0
1152,0
5123,0
7762,0
13763,0
8786,0
5161,0
10117,0
13311,0
4395,0
3881,0
11982,0
13086,0
7570,0
4364,0
10781,0
13088,0
12299,0
14583,0
12983,0
6679,0
9539,0
2952,0
13023,0
602,0
2955,0
5674,0
4359,0
11402,0
6742,0
10154,0
8085,0
14619,0
8500,0
13715,0
4746,1
13713,0
5134,0
5813,0
11662,0
8774,0
14001,0
36,0
12811,0
8581,0
1257,0
740,0
9558,0
7862,0
7058,0
2354,0
1437,0
13035,0
1110,0
4414,0
5824,0
13297,0
1145,1
13582,1
4190,0
12736,0
8630,0
5740,0
1374,0
10778,0
1115,0
3131,0
9617,0
797,0
6167,0
11625,0
13054,0
1420,0
4233,0
13108,0
1329,0
7770,0
4238,0
12030,0
1004,0
3542,0
13113,0
3130,0
3773,0
13745,0
4099,0
4928,0
1406,0
527,0
774,0
14554,0
9183,0
10687,0
2588,0
8643,0
14543,0
2982,0
8655,0
3872,0
10653,0
2022,0
9385,0
879,0
11251,0
2963,0
9776,0
5121,0
559,0
11518,0
8027,0
14159,0
13129,0
2015,0
12902,0
5756,0
10829,0
14057,0
8221,0
12482,0
4394,0
973,0
13460,0
1426,0
1195,0
5799,0
12489,0
9779,0
11993,0
7171,0
8641,0
10082,0
12585,0
11337,0
4392,0
11642,0
9069,0
2889,0
7232,0
5641,0
7740,0
8791,0
5257,1
11629,0
9986,0
9321,0
7001,0
2934,0
11644,0
519,0
4916,0
7140,0
3777,0
13766,0
2762,0
2956,0
3523,0
686,0
9735,0
10131,0
8290,0
6284,0
2902,0
6598,0
14078,0
6552,0
12311,0
10618,0
10085,0
14065,0
14598,0
5538,0
3771,0
10483,1
4179,0
4636,0
4055,0
7860,0
1176,0
727,0
6860,0
659,0
1400,0
9410,0
5544,0
1392,0
12305,0
6862,0
9479,0
4350,0
2705,0
7129,0
14446,0
9608,0
1075,0
2149,0
11434,0
7926,0
540,0
618,1
3799,0
11588,0
6199,0
1356,0
2208,0
9318,0
14558,0
604,0
11462,0
9197,0
14569,0
1074,0
7210,0
13059,0
3933,0
11975,0
3127,0
11267,1
8177,0
1425,0
8449,0
4076,0
7865,0
706,0
13256,0
3681,0
4402,0
544,0
14299,0
877,0
14563,0
8627,0
12764,0
8301,0
14576,0
2603,0
8669,0
3732,0
8943,0
3518,0
773,0
2940,0
8634,0
4275,0
12071,0
1601,0
3661,0
11334,0
13016,0
6250,0
1364,0
534,0
10148,0
9697,0
10641,0
9142,0
5077,1
2809,0
8617,0
7893,0
8042,0
7236,0
2681,0
5607,0
1391,0
1412,0
1335,0
14620,0
14605,0
10042,0
11638,0
1129,0
1174,0
14582,0
8334,0
7164,0
681,0
3729,0
4041,0
9281,0
14506,0
3862,0
10094,0
5798,0
11348,0
13009,0
5811,0
10622,0
7354,0
12028,0
11611,0
9290,0
941,0
4039,0
10164,0
14466,0
10297,0
2240,0
4078,0
7754,0
8976,0
13666,0
2253,0
615,0
7940,0
14022,1
13731,0
5672,0
13594,0
7845,0
320,0
1371,0
9822,0
5308,0
14597,0
13834,0
9993,0
13625,0
14586,0
972,0
2806,0
808,0
2710,0
6509,0
5454,0
13756,0
13026,0
1987,0
4247,0
10848,1
2985,0
11669,0
13907,0
8597,0
13757,0
1289,0
12158,0
4134,0
13117,0
9802,0
3262,0
6539,0
7404,0
2618,0
9471,0
4434,0
3700,0
8640,0
8690,0
13045,0
2668,0
10103,0
1361,0
5039,0
5755,0
7737,0
8566,0
11065,0
1151,0
1363,0
14367,0
3450,0
11546,0
14607,0
1116,0
5085,0
3644,0
9915,0
8682,0
25,0
630,0
5818,1
14609,0
2005,0
1378,0
13200,0
12820,0
1137,0
13127,0
12982,0
1207,0
2151,0
11738,0
6990,0
11595,0
2866,0
5808,0
11190,0
12466,1
14424,0
11639,0
4088,0
141,0
441,0
7950,1
7133,0
8078,0
475,0
13140,0
7521,0
9879,0
7736,0
12889,0
12448,0
9324,0
10473,0
2159,0
14566,0
1376,0
685,0
14291,0
4583,0
6493,0
10142,0
9312,0
12330,0
5772,0
10123,0
2475,0
12149,0
11530,0
3726,0
4440,0
2289,0
10831,0
13125,0
8321,0
12803,0
13612,0
1607,0
2844,0
571,0
13281,0
12713,0
2808,0
2139,0
14559,0
7214,0
1389,0
14561,0
806,0
14286,0
3430,0
11122,0
4430,0
13081,0
11664,0
7083,0
4425,0
11271,0
9916,0
12951,0
4212,1
13718,0
9446,0
5788,0
1970,0
11302,0
1248,0
2219,0
14594,0
13234,1
5750,0
5122,0
10478,0
4976,0
2048,0
13772,0
8415,0
10975,0
1852,0
2105,0
10150,0
1324,0
8691,0
8787,0
2914,0
14552,0
11338,0
5726,0
7253,0
1150,0
5177,0
6655,0
2975,0
11312,0
4555,0
8680,0
11411,0
9339,0
12383,0
6910,0
1585,0
5683,0
13038,0
10206,0
6138,0
2954,0
1210,0
11464,0
12814,0
5836,0
6235,0
1305,0
8619,0
11408,0
2818,0
13347,0
2499,0
7201,0
12425,0
3639,0
13328,0
6013,0
3813,0
2291,0
8615,0
13271,0
10963,0
5058,0
6557,0
10044,0
11318,0
1745,0
11794,0
8731,0
10722,0
11988,0
2769,0
2945,0
12032,0
704,0
11193,0
11663,0
8776,0
7248,0
5828,0
6334,0
1285,0
2978,0
1292,0
2627,0
11764,0
4953,0
11799,0
7413,0
7251,0
3196,0
1915,0
6728,0
7258,0
8281,0
7847,0
1541,0
561,0
7529,0
2370,0
13758,0
13336,0
9793,0
11652,0
8684,0
3209,0
5003,0
10139,0
10153,0
14452,0
13147,0
8834,0
1340,0
14160,0
7237,1
4340,0
10171,0
12992,0
6681,0
3340,1
8611,0
5037,0
13007,0
4319,0
7701,0
10850,0
1449,0
3961,0
13159,0
12427,0
7678,0
4992,0
7243,0
10066,0
6410,0
5057,0
86,0
7162,0
1132,0
7778,0
5686,0
1627,0
9277,0
1733,0
13070,0
3456,0
1735,0
3273,0
12091,0
3004,0
153,0
3452,0
10160,0
9911,0
404,0
9874,0
7810,0
14540,0
12529,0
18995,0
7386,0
20313,0
15153,0
18214,0
7789,0
18011,0
9931,0
13105,0
10639,0
19810,0
17950,0
14929,0
15673,0
4303,0
16341,0
14826,0
750,0
18171,0
18305,0
6649,0
20250,0
20032,0
8034,0
13781,0
10180,0
14676,0
16706,0
20438,0
15293,0
8280,0
16392,0
10170,0
10371,0
12789,0
9042,0
2318,0
6593,1
11226,0
1395,0
7589,0
5595,0
1886,0
12369,0
2734,0
19362,0
10638,0
965,0
20535,0
14187,0
2694,0
11623,0
5291,0
5860,0
1803,0
19342,0
9416,0
4098,0
2288,0
5516,0
1954,0
15276,0
10924,0
18585,0
17234,0
637,0
13644,0
9406,0
465,0
20135,0
15214,0
20156,0
12834,0
8272,0
8303,0
7904,0
6634,0
7076,0
20306,0
14378,0
12136,0
5614,0
2259,0
15729,0
16304,0
15551,0
1369,0
20526,0
12054,0
20297,0
10312,0
799,0
16420,0
14317,0
8606,0
11677,0
3012,0
15633,0
3757,0
12705,0
765,0
9434,0
10538,0
5829,0
17430,0
13010,0
14682,0
5328,0
5582,0
19032,0
12584,0
8077,0
17344,0
669,0
8493,0
15786,0
18958,0
8897,0
975,0
20140,0
10122,0
8266,0
19297,0
6870,0
15492,0
17788,0
7141,0
20119,0
20396,0
15540,0
2824,0
16191,0
13004,0
6658,0
5315,0
678,0
13632,0
4144,0
9118,0
4310,0
20494,0
5356,0
5378,0
13169,0
12697,0
10681,0
5529,0
2521,0
18336,0
4897,0
1045,0
983,0
5068,0
19774,0
10506,0
6115,0
11052,0
2897,0
2936,0
9898,0
17280,0
16810,0
17590,0
4942,0
3789,1
7240,0
17382,0
11690,0
6308,0
14407,0
14448,0
17874,0
17985,0
9590,0
314,0
5558,0
570,0
3839,0
20496,0
12742,0
15169,0
3764,0
2242,0
4117,0
7106,0
10521,0
14823,0
12641,0
8036,0
18131,0
18626,0
3500,0
13969,0
9794,0
12328,0
7183,0
19501,0
14203,0
5055,0
2096,0
10077,0
12693,0
16977,0
8553,0
16406,0
5078,0
4443,0
15901,0
2852,0
5495,0
18885,0
11556,0
12592,0
8125,0
9206,0
5370,0
18427,0
16422,0
6640,0
2969,0
18435,0
12600,0
13946,0
11260,1
11157,0
18944,0
17447,0
3900,0
4158,0
2502,0
2082,0
12039,0
1895,0
9151,1
15636,0
10248,0
19492,1
3748,0
17412,0
5892,0
1016,0
2609,0
2589,0
14196,0
7199,0
2995,0
10104,0
5198,0
10144,0
7203,0
11579,0
7048,0
3746,0
13099,0
4113,0
13066,0
6848,0
13072,0
4385,0
8626,0
5802,0
11524,0
469,0
7155,0
4093,0
5814,0
5995,0
5805,0
5834,0
2919,0
2947,0
7100,0
1976,0
10501,0
13470,0
7223,0
8654,0
10908,0
9844,0
3484,0
5155,0
5652,1
2927,0
2742,0
3584,0
10120,0
12859,0
6601,1
5838,0
2896,0
2899,0
3763,0
9683,0
8336,0
14544,0
10575,0
8637,0
1405,0
1612,0
9090,0
12280,0
8647,0
5821,0
14560,0
9835,0
14067,0
9303,0
7207,0
10011,0
4077,0
4791,0
13160,0
3869,0
8166,1
11423,1
4341,0
10127,0
1414,0
2924,0
7260,0
1434,0
7441,0
6185,0
4408,0
8265,0
3724,0
10108,0
11635,0
5467,0
7126,0
4355,0
5794,0
13114,0
415,0
10124,0
10097,0
10609,0
4092,0
14395,0
11654,0
1344,0
11269,0
5487,0
4947,0
1885,0
5773,0
6460,0
9998,0
11958,1
14573,0
8353,0
7213,0
14405,0
13104,0
4419,0
11014,0
8434,0
4466,0
12799,0
6123,0
4415,0
6952,0
1096,0
5796,0
11511,0
555,0
9137,0
14592,0
4376,0
10114,0
11600,0
2083,0
2251,0
5820,0
4433,0
4161,0
223,0
821,1
6743,0
14608,0
6856,0
1070,0
14580,0
13091,0
8613,0
989,0
5812,0
10546,0
8521,0
9154,1
13465,0
1797,0
14615,0
1212,0
2706,0
5583,0
10566,0
2939,0
12002,0
2256,0
11278,0
11110,0
12478,0
6487,0
5650,0
7257,0
2887,0
6683,0
2938,0
8750,0
8947,0
11569,0
1268,0
9311,0
3977,0
11671,0
8745,0
13095,0
2843,0
7143,0
1902,0
14616,0
8479,0
7023,0
9343,0
14011,0
14154,0
12453,0
1093,0
4334,0
2972,0
2330,0
8326,0
2994,0
13032,0
1401,0
7166,0
13146,0
14567,0
1447,0
7368,0
7156,0
7230,0
2597,0
1098,0
6852,0
10749,0
5693,0
1382,0
845,0
3083,0
7151,0
9013,0
13149,0
7057,0
4109,0
8711,0
3738,0
11362,0
12260,0
11344,0
12997,0
7196,0
2891,0
7041,0
8659,0
14277,0
6941,0
4363,0
13121,0
1409,0
12757,0
8050,0
11534,0
10555,0
9482,0
11504,0
18126,0
4371,1
1621,0
8037,0
18301,0
18506,0
13940,0
1576,0
16511,0
7974,0
17273,0
19818,0
1270,0
1691,0
19438,0
1208,0
14765,0
10690,0
17433,0
18559,0
19821,0
5128,0
14029,0
16513,0
20436,0
5893,0
8962,0
1972,0
14416,0
12407,0
8054,0
14920,0
7945,0
7639,0
8279,0
15800,0
7841,0
20476,0
884,0
1039,0
16741,0
6693,1
14636,0
16632,0
2054,0
19448,0
5518,0
11584,0
8192,0
6512,0
4450,0
18092,0
13426,0
15555,0
14161,0
11086,0
14684,0
15102,0
2358,0
937,0
10241,1
9525,0
16836,0
3379,0
16139,0
18996,0
12863,0
2216,1
16049,0
11446,0
18007,0
16333,0
19302,0
14835,0
535,0
7739,0
20499,0
18357,0
182,0
15142,0
16853,0
11825,0
13174,1
13999,0
19703,0
1037,0
10528,0
14579,0
16164,0
11106,0
12998,0
10083,1
15937,0
8211,0
15978,0
5654,0
7153,0
14943,0
1139,0
10019,0
4116,0
617,0
6335,0
1310,0
19491,0
14247,0
2209,0
7115,0
3526,0
17666,0
10505,0
4488,0
17386,0
11634,0
19946,0
19675,0
6562,0
5194,0
12872,0
9687,0
7542,0
9245,0
18304,0
16865,0
18002,0
6418,0
16360,0
16518,0
19530,0
3214,0
653,0
10670,0
8565,0
13418,0
12160,0
19975,0
17657,0
19464,0
13464,0
10159,0
15292,0
18036,0
13092,0
6433,0
18826,0
3245,0
4281,0
20223,0
19849,0
17902,0
15742,0
15967,0
18074,0
17974,0
6670,0
13480,0
10645,0
16574,0
1255,0
3684,0
14741,0
19540,0
17093,0
2481,0
16104,0
8453,0
19074,0
6425,0
18402,0
13800,0
15131,0
19290,0
19292,0
16555,0
17801,0
15712,0
17491,0
18317,0
9780,0
4900,0
14711,0
1634,0
11830,0
17233,0
16888,0
19064,0
7884,0
12364,0
18879,0
1584,0
14703,0
8115,0
11770,0
18614,0
20330,0
19091,0
6515,0
20479,0
17405,0
1053,0
17060,0
19686,0
10087,0
17137,0
511,0
14545,0
8687,0
8826,0
15209,0
14535,1
439,0
429,0
18492,0
17177,0
14144,0
14014,1
8136,0
6812,0
4063,0
6541,0
7585,0
147,0
17198,0
13804,0
10156,0
15889,0
7898,0
1083,0
3604,0
15107,0
15982,0
15604,0
7826,0
18863,0
1693,0
17895,0
17354,0
7858,0
15940,0
17700,0
7955,0
9826,0
16548,0
14847,0
3601,0
15772,0
1771,1
332,1
7721,0
18583,0
16210,0
16017,0
4246,0
12824,0
7305,0
14488,0
6930,0
1796,0
15884,0
15955,0
14494,0
20359,0
16761,0
16688,0
6842,0
20302,0
17794,0
8048,0
188,0
2493,0
9132,0
12441,0
17838,0
1650,0
12341,0
5248,0
4455,0
16343,0
11092,0
14967,0
18712,0
3198,0
14894,0
531,0
14990,0
1643,0
1889,0
6664,0
3594,0
2996,0
5734,0
19702,0
18822,0
8765,0
20270,0
18511,0
1432,0
10199,0
14938,0
11184,0
17756,0
15141,0
11520,0
17891,0
11965,0
18394,0
14123,0
17730,0
1799,0
13707,0
14363,0
17096,0
2840,0
8686,0
15071,0
5858,0
19852,0
7538,0
8883,0
3418,0
9758,0
5847,0
10105,0
8122,1
9640,0
299,0
2246,0
19470,0
15969,0
17283,0
16714,0
18705,0
18156,0
2478,0
9861,1
10268,0
18121,0
19754,0
16221,0
14476,0
17084,0
17681,0
10862,0
13359,0
1766,0
17054,0
14004,0
8256,0
14229,0
5431,0
19305,0
17831,0
5903,0
2126,0
10419,0
2088,0
14981,0
2074,0
20204,0
7324,0
6484,0
17536,0
18624,0
18181,0
15976,0
20354,0
15332,0
9614,1
17917,0
19214,0
15491,0
10480,0
14923,0
17810,0
15150,0
2528,0
19281,0
17553,0
20150,0
18438,0
14759,0
3337,0
19917,0
2584,0
11840,0
353,0
19503,0
7881,0
17995,0
20477,0
14156,0
10163,1
4993,0
6423,0
19109,0
5094,0
14710,0
11233,0
18415,0
3297,0
15857,0
19193,0
18959,0
2606,0
7120,0
5069,0
17758,0
20452,0
14142,0
11712,0
2525,0
9811,0
5535,0
9796,0
11048,0
11786,0
19069,0
491,0
14907,0
14249,0
4123,0
17150,0
16982,0
15450,0
17742,0
16466,0
3833,0
9326,0
758,0
3383,0
3592,0
7944,0
12798,1
10755,0
6110,0
7708,0
18678,0
945,0
8039,0
20351,0
16227,0
5422,0
17004,0
17011,0
14690,0
8466,0
10115,0
20231,0
2245,0
12556,0
17509,0
19854,0
11617,0
8822,1
19361,1
9438,0
16778,0
16951,0
2798,0
19803,0
14591,0
20524,1
1351,0
6627,0
14610,0
15970,0
9530,0
19075,0
4353,0
3745,0
18132,0
18010,0
8840,0
3042,0
1676,0
7722,0
17818,0
2692,0
12864,0
16153,0
14428,0
14617,0
580,0
3692,0
19565,0
2055,0
6538,0
4560,0
9153,0
9167,0
14771,0
5133,0
14372,0
2872,0
15801,0
20395,0
8854,0
16914,0
3611,0
6064,0
17269,0
7918,0
248,0
18534,0
20179,0
17594,0
1024,0
11884,0
16591,0
12655,0
18591,0
1703,0
2004,0
19387,0
20159,0
13320,0
17210,0
8059,0
13646,0
19274,0
12925,0
4664,0
19465,0
4127,0
17448,0
17741,0
9875,1
3976,0
13241,0
16556,0
5180,0
8781,0
12428,0
2188,0
15589,0
6177,0
15993,0
11721,0
17555,0
12888,0
13700,0
9362,0
14200,1
18374,0
20269,0
14099,0
13815,0
11219,0
3087,0
17253,0
11365,0
12120,0
11616,0
15648,0
8999,0
11614,1
17442,0
16429,0
8063,0
7831,0
13073,0
17310,0
20107,0
9360,0
15858,0
15454,0
5030,0
16894,0
2527,0
12534,0
17008,0
20019,0
17734,0
10774,0
18412,0
14795,0
3973,0
5567,0
18729,0
1598,0
20042,0
18573,0
7924,0
772,0
10536,0
6443,0
19332,0
2595,0
12862,0
12405,0
20433,0
7405,0
6987,0
14585,1
4237,0
20295,0
9049,0
15145,0
7501,0
8824,0
20328,0
16289,0
11107,1
19750,0
14267,0
19157,0
20,0
9584,0
17698,0
8696,0
13651,0
20458,0
19923,0
7854,0
19364,0
3220,0
15744,0
19164,0
17088,0
20282,0
18919,0
18740,0
9430,0
11544,0
10091,1
17937,0
4714,0
15805,0
18647,0
18608,0
15930,0
15418,0
16904,0
16966,0
16658,0
16331,0
14331,0
800,0
15780,0
747,0
20163,0
12511,0
7508,0
3689,0
14898,0
8143,0
5803,0
12815,0
14789,0
11427,0
2991,0
18226,0
6133,0
6234,0
4876,0
19602,0
13170,0
14728,0
15799,0
16878,0
7215,0
868,0
14779,0
15314,0
18513,0
5420,0
16674,0
18606,0
19700,0
17489,0
18453,0
3372,0
6408,0
15558,0
10045,0
19110,0
7468,0
6128,0
131,0
20480,0
5524,0
10632,0
18218,0
15547,0
14174,0
1979,0
19930,0
10242,0
18262,0
7541,0
18628,0
8799,0
4120,0
15050,0
9395,0
10039,0
3674,0
10782,0
5455,0
16006,0
19437,0
13175,0
20541,0
19176,0
7078,0
19771,0
8952,0
20488,0
13416,0
16720,0
15733,0
18558,0
11231,0
5777,0
5562,0
2341,0
12850,0
12918,0
4209,0
19788,0
19272,0
17323,0
9048,0
6263,0
12304,0
11952,0
13619,0
881,0
6299,0
20189,0
19450,0
2548,0
15311,0
14117,0
20011,0
11633,0
872,0
306,0
8830,0
4649,0
13868,0
17115,0
6205,0
18206,0
17264,0
7224,0
2407,0
20327,0
19082,0
4872,0
18128,0
4694,0
15870,0
15326,0
4617,0
5651,0
16332,0
4121,0
7229,0
15580,0
19985,0
7699,0
19891,0
2416,0
18695,0
3996,0
7540,0
10838,0
5531,0
6486,0
20155,0
9889,0
2913,0
9320,0
2477,0
15793,0
15989,0
15938,0
17843,0
16867,0
20372,0
15846,0
5434,0
11047,0
17679,0
17736,0
12690,1
12326,0
3859,0
582,0
16442,0
15465,0
6201,0
19008,0
14812,0
19154,0
17186,0
6096,0
17139,0
18389,0
5040,0
11352,0
18623,0
11844,0
13378,0
12619,0
2400,0
15963,0
16539,0
18768,0
321,0
17224,0
12550,0
17098,0
14986,0
20276,0
6393,0
14483,0
5063,0
9144,0
12715,0
6457,1
9827,0
16522,0
12831,0
5493,0
9999,0
12222,0
17981,0
10709,0
9358,0
7496,0
3464,0
15272,0
19893,0
19054,0
8554,0
15304,0
17933,0
6050,0
9300,0
68,0
17171,1
10719,0
15370,0
9855,0
17467,0
7652,0
23,0
16760,1
1041,0
18625,0
17228,0
19459,0
16837,0
18529,0
14164,0
15388,0
14833,0
5837,0
6351,0
6635,0
14952,0
20050,0
13734,0
1068,0
2274,0
7864,0
3717,0
6702,0
9750,1
1900,0
7565,0
11009,0
2980,0
14825,0
18968,0
3897,0
13943,0
6850,0
10402,0
12320,0
5932,0
7767,0
16821,0
14301,0
7073,0
13375,0
4038,0
2507,0
11237,0
1809,0
11324,0
14883,0
6929,0
6531,0
18891,0
20275,0
9467,0
318,0
18566,0
15968,0
1291,1
18414,0
4377,0
2218,0
18504,0
9328,0
10662,0
16941,0
18668,0
19951,0
3378,1
18521,0
15626,0
2865,0
12460,0
18549,0
4349,0
20412,0
20346,0
20475,0
17853,0
3963,0
14526,0
14634,0
19631,0
6192,0
15763,0
20481,0
594,0
761,0
6999,0
8664,0
7238,0
14640,0
15758,0
7255,0
9464,0
7416,0
18068,0
16525,0
20409,0
19195,0
13988,0
18657,0
13880,0
1793,0
5430,0
18483,0
15426,0
4008,0
12062,0
3751,0
8904,0
20069,0
14480,1
13513,0
19532,0
8051,0
4925,0
17735,0
9422,0
3573,0
5145,0
15661,0
11972,0
18228,0
9027,0
14851,0
3037,0
13792,0
5369,0
6884,0
9329,1
2314,0
2018,0
11909,0
11585,0
4962,0
8209,0
1331,0
10172,0
7750,0
5220,0
8953,0
8988,0
14940,0
18686,0
5137,0
13901,0
4979,0
4888,0
17718,0
8370,0
20459,0
2634,0
3916,0
12387,0
10078,0
8009,0
13036,0
20474,0
4995,0
13293,0
14674,0
14687,0
19535,0
19449,0
16437,0
6403,0
10803,0
18393,0
15003,0
16863,0
6176,0
19473,0
13103,0
17033,0
7205,0
952,0
12047,0
5397,0
96,0
3663,0
14773,0
2389,0
13310,0
20561,0
14863,0
17256,0
20021,0
16861,0
17501,0
17051,0
12727,0
2888,0
11862,0
15727,0
12968,0
17799,0
4001,0
13577,0
15785,0
13649,0
15665,0
14844,0
9044,0
16534,0
15975,0
18691,0
13510,0
16928,0
16889,0
15521,0
14888,1
10474,0
18860,0
1440,0
18893,1
10220,0
9404,0
11967,0
16974,0
18783,0
17972,0
19324,0
11598,0
2108,0
45,0
18523,0
17204,0
15378,0
432,0
12399,0
2335,0
8831,0
19885,0
15256,0
4490,1
6007,0
13442,0
19183,0
10447,0
18763,0
13740,0
11044,0
11235,0
1785,0
4382,0
9476,0
19937,0
5692,0
19797,0
10615,0
14460,1
15248,0
16683,0
9753,0
14058,0
243,0
14235,0
8298,0
19757,0
5202,0
179,0
1800,0
19858,0
18282,0
15057,0
19001,0
15062,0
16926,0
13423,0
5150,0
17798,0
16927,0
7464,0
14842,0
2784,0
12912,0
5302,0
1423,0
10867,0
3923,0
3688,0
15274,0
8812,0
18727,0
11198,1
1506,0
730,0
12325,0
2709,0
5902,0
19234,0
14921,0
1543,0
19153,0
15333,0
1610,0
15009,0
19112,0
15110,0
19825,0
18658,0
11726,0
19969,0
17148,0
10779,0
9657,0
8297,0
16229,0
93,0
4323,0
20183,0
9629,0
3175,0
17579,0
14766,0
16320,0
18358,0
3416,0
6902,0
9769,0
3272,0
12162,0
349,0
3531,0
18603,0
16131,0
15439,0
10974,0
19988,0
2401,1
15386,0
12131,0
11139,0
12143,0
16418,0
1124,0
12487,0
9763,0
17078,0
2211,0
15362,0
16567,0
16647,0
9721,0
18519,0
13454,1
3064,0
14836,0
11699,0
16383,0
13486,0
16972,0
18918,0
13697,0
20277,0
3632,0
19838,0
16270,0
13213,0
15462,0
7332,0
9378,0
3003,0
8215,0
17661,0
14963,0
3284,0
16705,0
17877,0
18110,0
6843,0
13208,0
4409,0
5411,0
11109,0
3671,0
4968,0
10629,0
18613,0
15843,0
6597,0
14515,0
10416,0
6605,0
16558,0
17465,0
19964,0
1755,0
1069,0
8419,0
14864,0
19485,0
16895,0
8384,0
20430,0
16736,0
4050,0
19348,0
12599,0
6372,0
10435,0
7520,0
18191,0
4690,0
10844,0
17221,0
9843,0
13810,0
9964,1
15696,0
16105,0
17231,0
17701,0
4418,0
10002,0
16328,0
4584,0
837,0
13777,0
16554,0
9858,0
10481,0
9850,0
18269,0
6839,0
13119,0
4036,0
18003,0
16775,0
2423,0
14477,0
19934,0
5501,0
3190,0
19710,0
1394,0
5976,0
3370,0
19994,0
17042,0
20460,0
15112,0
8817,0
18882,0
5494,0
8648,0
14035,0
19586,0
14413,0
15502,0
6528,0
19160,0
11785,0
9607,0
15914,0
12088,1
18334,0
3232,0
20334,0
4656,0
19351,0
12056,0
16136,0
7173,0
3293,0
14753,0
17267,0
17201,0
1658,0
14803,0
18356,0
9810,1
2523,1
19343,0
3078,0
7460,0
17166,0
16362,0
20403,0
15807,0
15500,0
20382,0
1313,0
11245,0
15401,0
8598,0
18704,0
13845,0
16124,0
20468,0
18479,0
7095,0
11723,0
19872,0
9354,0
2510,0
16310,0
20388,0
19607,0
18698,0
16947,0
11300,0
17215,0
3949,0
20515,0
3513,0
5086,0
766,0
2860,0
4864,1
18719,0
19257,0
19933,0
4317,0
18751,0
10970,0
15192,0
7830,0
2233,0
14419,0
5424,0
10929,0
16798,0
6475,0
12,0
18872,0
9604,0
18286,0
18246,0
18056,0
1779,0
1563,0
17517,0
13540,0
15692,0
15544,0
15355,0
15119,0
15336,0
7961,0
3735,0
18486,0
3170,0
17361,0
18667,0
6865,0
4228,0
17846,0
17766,0
6213,0
18693,0
752,0
2976,0
9969,0
10100,0
16261,0
12516,0
8159,0
7282,0
8733,0
17932,0
18671,0
12565,0
9699,0
16581,0
9730,0
7734,0
15273,0
19592,0
15455,0
12802,1
12061,0
2744,0
2161,0
18330,0
18382,0
18244,0
17897,0
17443,0
11224,0
6713,0
9485,0
16562,0
7339,0
13250,0
15043,0
9648,0
17876,0
17632,0
11560,0
14184,0
17992,0
237,0
100,0
13185,0
20288,0
11797,0
16417,0
1600,0
17118,0
1849,0
17832,0
10737,0
16080,0
18830,0
7169,0
14479,0
17644,0
17390,0
2063,0
12263,0
1559,0
19010,0
7938,0
16425,0
3549,0
6906,0
17314,0
3670,0
14320,0
20198,0
12963,0
13802,0
13132,0
11079,0
18469,0
12446,0
6575,0
16950,0
847,0
11125,0
18060,0
12535,0
8677,0
12916,1
10394,0
8001,0
17140,0
122,0
4366,0
17893,0
13148,0
3055,0
3566,0
501,0
17476,0
20424,0
20136,0
3117,0
19468,0
17518,0
17728,0
19876,0
15894,0
19693,0
16799,0
7525,0
19057,0
17750,0
17095,0
11238,0
11940,0
9979,0
4845,0
1574,0
10950,0
16816,0
14528,1
15634,0
19767,0
7746,1
2886,0
172,0
15527,0
1036,0
15074,0
16307,0
18578,0
15828,0
18119,0
16825,0
18562,0
5648,0
4752,0
17235,0
12361,1
19040,0
11620,0
20158,0
709,0
10214,0
6130,0
17499,0
4163,0
3382,0
17913,0
2594,0
17911,0
6654,0
13349,0
11061,0
20177,0
18387,0
1749,0
15412,0
10491,0
19786,0
16557,0
19021,0
1687,0
15268,0
17452,0
15495,0
3625,0
17049,0
10923,0
15516,0
551,0
5011,0
8283,0
17480,0
11529,0
7338,0
4150,0
6571,0
12024,0
4428,0
16909,0
12494,0
15361,0
17138,0
4022,0
9266,0
18466,0
6437,0
2793,0
3407,0
18992,0
20310,0
19582,0
16730,0
9635,0
14349,0
14642,0
9205,0
17539,0
7242,0
18656,0
3908,0
14808,0
8447,0
6479,0
19537,0
15068,0
2508,0
3734,0
10949,0
8520,1
7318,0
16471,0
19739,0
4152,0
17130,0
17419,0
14152,0
942,0
17958,0
8368,0
17889,0
12817,0
16045,0
5918,0
19101,0
737,0
15971,0
17669,0
19763,0
17898,0
16598,0
20325,0
11572,0
10875,0
11134,0
7670,0
4726,0
19357,0
17664,0
7727,0
15900,0
1996,0
14783,0
9294,0
16047,0
11549,0
20512,0
15413,0
300,0
11496,0
18682,0
12695,0
17504,0
3426,0
11070,0
3767,0
20259,0
786,0
15497,0
19406,0
20320,0
912,1
15267,0
5471,0
3672,0
10252,0
11790,0
8911,0
13502,0
18186,0
15121,0
16496,0
7798,0
18147,0
7118,0
12678,0
9413,0
5269,0
18352,1
4011,0
3462,0
11875,0
12352,0
13991,0
17003,0
8683,0
14866,0
6464,0
15382,0
15120,0
17503,0
6429,0
3768,0
18862,0
18151,0
15189,0
1820,0
8243,0
10050,0
4961,0
19229,0
9271,0
6001,0
18954,0
1128,0
10400,0
3153,0
18045,0
15873,0
16319,0
9928,0
13799,0
6468,0
4225,1
4435,0
14645,0
4487,0
11004,0
13040,0
15537,0
10143,0
19546,0
20061,0
17608,0
5806,0
6146,0
17872,0
6120,0
5603,0
16011,0
13830,0
17114,0
378,0
12995,0
20284,0
16540,0
18083,0
9399,0
14356,1
17584,0
20197,0
16200,0
15104,0
12805,0
18095,0
11966,0
3655,0
14802,0
20048,0
2263,1
19033,0
16578,0
2933,0
19263,0
7297,0
2244,0
178,0
790,1
19173,0
14643,0
548,0
18899,0
15100,0
18738,0
5214,1
6915,0
17089,0
17507,0
16089,0
17351,0
17325,0
13448,0
17423,0
478,0
9971,0
17445,0
16935,0
18813,0
16938,0
7192,0
4818,0
15642,0
10941,0
9456,0
16631,0
12433,0
15359,0
19773,0
16196,0
1677,0
15498,0
9713,0
16577,0
18385,0
16679,0
10586,0
5254,1
2987,0
17472,0
19515,0
626,0
4758,0
2841,0
18423,0
16976,0
6671,0
14997,0
13921,0
14745,0
7204,0
19718,0
11995,0
4534,1
17867,0
15737,0
12661,0
3510,0
15774,0
8558,0
19006,0
18713,1
6280,0
4206,0
2226,0
13679,0
17437,0
9706,0
18524,0
17109,0
20516,0
3567,0
9906,0
18397,0
20537,0
15877,0
5506,0
8134,0
8456,0
9627,1
19911,0
12431,0
6646,0
5606,0
9974,0
15792,0
16642,0
9739,0
18066,0
18161,0
1301,0
14595,0
12664,0
5930,0
16744,0
1539,0
9121,1
6719,0
10857,0
18645,0
4633,0
7707,0
8982,0
17808,0
8557,0
12547,0
3637,0
599,0
16719,0
11587,0
18532,0
15871,0
2949,0
9663,0
2657,0
11045,1
10905,0
14775,0
17500,0
6828,0
5594,0
18377,0
19978,0
16266,0
6754,1
18192,0
11672,0
15560,0
4651,0
18886,0
20522,0
19429,0
2364,1
7148,0
9103,0
18530,0
5060,0
19828,0
18744,0
5573,0
6135,0
13461,0
17287,0
13158,0
17372,0
7452,0
4155,0
10079,0
15519,0
16949,0
6897,0
2350,0
9036,0
18832,0
20196,0
14209,0
16274,0
8532,0
14758,0
1161,0
13650,0
16283,0
8681,0
20565,0
15958,0
17523,0
1873,0
8339,0
13128,0
19480,0
20044,0
8476,0
4159,0
18264,0
12515,0
20222,0
6124,0
18601,0
9117,0
4815,0
8090,0
16717,0
20215,0
6197,0
13097,0
6401,0
2941,0
16253,0
17348,0
20493,0
16900,0
19396,0
2197,0
18072,0
1764,0
607,0
20296,0
19425,0
5316,0
15217,0
9673,0
19373,0
5244,0
18265,0
3575,1
10398,0
3854,0
4887,0
13699,0
13501,0
10637,0
14698,0
17665,0
12719,0
20579,0
18907,0
7658,0
14719,0
19829,0
9603,0
18057,0
16483,0
7982,0
13136,0
10229,0
6845,0
2028,0
9424,0
16711,0
3904,1
17626,0
1587,1
15854,0
1719,0
3806,0
12893,0
4006,0
14365,0
13825,0
10991,0
1716,0
17222,0
4668,0
18182,0
6589,0
627,0
13272,1
15472,0
11241,0
17385,0
17578,0
12580,0
12225,0
14519,1
16772,0
5831,0
12629,0
9783,0
16913,0
13304,0
16709,0
17077,0
17059,0
17845,0
6129,0
15632,0
910,0
10878,0
14821,0
13900,0
5509,0
19392,0
186,0
18114,0
6587,0
20540,0
19407,0
9486,0
18498,0
5208,0
4131,0
15408,0
4331,0
15627,0
19280,0
16796,0
12583,0
5213,0
16590,0
7226,0
917,0
20182,0
17205,0
17781,0
17908,0
13519,1
16845,0
15715,0
16285,0
4460,0
18987,0
689,0
20435,0
15899,0
19660,0
18420,0
16767,0
16754,0
17025,0
17067,0
11748,0
3163,0
11618,0
13006,0
20029,0
17997,0
897,0
16386,0
11996,0
17751,0
6773,0
9359,0
15810,0
5552,0
14665,0
17165,0
18982,0
4733,0
17113,0
19916,0
11510,0
19178,0
6219,0
6972,0
15721,0
12127,0
19398,0
16625,0
15195,0
2761,0
8003,0
7352,0
16446,0
7697,0
17784,0
12855,0
1629,0
5119,0
10278,0
4138,0
12048,0
19106,0
11336,0
11683,0
1813,1
1271,0
18912,0
16193,0
19427,0
3765,0
19239,0
16199,0
11254,0
16311,0
16835,0
1855,0
19411,0
174,0
13050,0
17942,0
19086,0
10014,1
12278,0
14901,0
18615,0
15042,0
14208,0
20443,0
17993,0
19753,0
12602,0
17076,0
20547,0
1196,0
7618,0
4444,0
10695,0
15515,0
3423,0
14122,0
20280,0
7866,0
9797,0
6474,0
18475,0
19620,0
14696,0
5939,0
3313,1
8652,0
20013,0
20115,0
8707,0
2204,0
12512,0
13839,0
4025,0
4214,0
17689,0
3841,0
2100,0
14562,0
16923,0
18371,0
234,0
6318,0
11992,0
19095,0
1948,0
20000,0
19068,0
11684,0
15246,0
16209,0
4523,0
18238,0
13333,0
14743,0
12145,0
20244,0
2555,0
15717,0
5185,0
187,0
19051,0
11390,0
19742,0
17079,0
6337,0
17611,0
20290,0
3935,0
18040,0
13527,0
7929,0
19113,0
7684,0
14852,0
12452,0
14072,0
9429,0
19389,0
15996,0
11181,0
17330,0
12355,0
9493,0
3807,0
20192,0
2169,0
11826,0
16346,0
6591,0
18084,0
17438,0
14730,0
6564,0
19156,1
15007,0
18766,0
1823,0
4020,0
17514,0
13749,0
15670,0
1856,0
13392,0
6439,0
386,0
16585,0
18640,0
935,1
17373,0
18843,0
18710,0
16294,0
18841,0
3828,0
18632,0
15200,0
4987,1
17543,0
6796,0
2800,0
12728,0
10587,0
16789,0
20303,0
16910,0
11328,0
9168,0
10178,0
17732,0
17044,0
2524,0
19682,0
17371,0
18111,0
10704,0
13947,0
15432,0
18976,0
15037,0
15223,0
18507,0
17332,0
3830,0
10487,0
16021,0
7096,0
3348,0
19950,0
18347,0
16299,0
20402,0
16154,0
2307,1
17071,0
282,0
20031,0
4943,0
14721,1
11531,0
14889,0
16391,0
6411,0
18597,0
10183,0
20562,0
5774,0
9283,0
16009,0
15177,0
17901,0
20332,0
16376,0
18594,0
20063,0
19100,0
18565,0
16965,0
2014,0
9067,0
19722,0
2839,0
18842,0
15078,0
19200,0
17833,0
17520,0
17251,0
17047,0
19939,1
10775,0
16087,0
10822,0
18376,0
1080,0
14871,0
18313,0
5251,0
9596,0
18452,0
17421,0
11329,0
14042,0
3967,0
19509,0
14571,0
17030,0
15997,0
15990,0
7128,0
16905,0
19502,0
14686,0
5978,0
14089,0
20118,0
2376,0
9866,0
16749,0
11280,0
19419,0
4940,0
19472,0
14916,0
19056,0
20377,0
16052,0
14828,0
5542,0
6548,0
4517,0
19659,0
18551,0
10145,0
18268,0
18771,0
17432,0
2530,0
8429,0
20483,0
7693,0
4437,0
17826,0
18073,0
16163,0
17396,0
18938,0
8533,0
19785,0
5189,0
14210,0
17727,0
17484,0
11695,0
3040,0
5010,0
19303,0
1316,0
5752,0
16393,0
20037,0
15600,0
15945,0
6542,0
8234,1
11563,0
20341,0
2875,0
2190,0
8189,0
15638,0
7761,0
8133,0
5105,0
11865,0
17370,0
14646,0
15552,0
13669,0
9991,0
9556,0
10985,0
12595,0
12504,0
1058,0
6262,0
281,0
6099,0
16959,0
9472,0
629,0
6430,0
2113,0
14296,0
13,0
15596,0
6563,0
20349,0
15140,0
16542,0
19526,1
15711,0
16082,0
2356,0
514,0
16405,0
207,0
19549,0
2430,0
17301,0
18333,0
9768,0
20366,0
15251,0
5776,0
6573,0
8984,0
1980,0
11425,0
15083,0
18207,0
3342,0
14288,0
17070,0
16378,0
11383,0
12771,0
4543,0
3998,0
14870,0
16370,0
6924,0
6183,1
1591,0
16701,0
19469,0
3020,0
15585,0
5016,0
17674,0
892,0
13832,0
726,0
17320,0
17208,0
3564,0
5429,0
16220,0
14899,0
15512,0
4805,0
19397,0
19735,0
7832,0
1165,0
19337,0
8436,0
12316,0
20365,0
20255,0
4346,0
11713,1
7564,0
17304,0
8230,0
12651,0
2983,0
16514,0
614,0
17850,0
6737,0
16774,0
13849,0
338,0
19913,0
19562,0
14536,0
12112,0
17717,0
17770,0
3629,0
20055,0
17029,0
18458,0
16725,0
16458,0
8996,1
4033,0
2106,0
11382,0
4566,0
4841,0
17692,0
17327,0
19578,0
14295,0
20392,0
16002,0
11485,0
5232,0
18449,0
20525,0
2079,0
4380,0
1990,0
20563,0
6514,0
3072,0
19256,0
1645,0
3417,0
11559,0
5959,0
7147,0
827,0
17368,0
16729,0
19657,0
20376,0
12298,0
15770,0
18755,0
18249,0
19029,0
5373,0
15374,0
19096,0
11954,0
18520,0
7577,0
19864,0
12219,0
17988,0
19208,0
1342,0
18444,0
16644,0
9765,0
19938,0
13746,0
14043,0
5342,0
13918,0
19945,0
17260,0
15728,0
16616,1
16509,0
10267,0
3086,0
16748,0
2125,1
16282,0
14124,0
6376,0
11637,0
15183,0
17144,0
19216,0
19856,0
16521,0
4637,0
8017,0
4858,0
17461,0
17100,0
15444,0
10916,0
9860,0
18384,0
9,0
10136,0
18222,0
4804,0
9337,1
667,0
19087,0
19760,0
15761,0
11003,0
16517,0
1531,0
13116,0
4748,0
9580,0
17924,0
19065,0
17575,0
13964,0
4846,0
4330,0
11174,0
20020,0
5486,0
17749,0
5073,0
17209,0
9817,0
3373,0
5536,0
16364,0
2489,0
15125,0
16964,0
7805,0
9204,0
17214,0
14599,0
15338,0
10966,0
16921,0
5801,0
7206,0
19117,0
20566,0
20355,0
17453,0
4642,0
7996,0
6893,0
5699,0
14207,0
2961,0
15586,0
18639,0
19554,0
5423,0
8155,0
1802,0
18343,0
1734,0
17043,0
18895,0
12688,0
7392,0
1998,0
13545,0
16157,0
16312,0
7574,0
19174,0
17247,0
2454,0
12666,0
2568,0
16448,0
17262,0
995,0
4297,0
6873,0
20227,0
11653,0
1021,0
19457,0
8226,0
12206,0
17159,0
15787,0
2612,0
11016,0
10627,0
3005,0
18942,0
6420,0
5311,0
2433,0
769,0
16023,0
16850,0
6550,0
16846,0
18323,0
19512,0
15620,0
15414,0
10149,0
19755,0
16751,0
19145,0
18760,0
16407,0
16188,0
15022,0
2640,1
4286,0
8342,0
19060,0
5236,0
19079,0
18718,0
17376,0
8657,0
14633,0
6298,0
17406,0
17812,0
20439,0
20478,0
15637,0
16240,0
12532,0
16629,0
20110,0
15496,0
2175,0
15204,0
18049,0
17460,0
16916,0
18864,0
15269,0
9263,0
18567,0
16038,0
17936,0
20154,0
15041,0
17540,0
14147,0
19667,0
19015,0
16440,0
19594,0
11687,0
16495,0
18884,0
7198,0
6756,0
8,0
6685,0
5309,0
17907,0
10037,0
17624,0
2834,0
12908,0
6653,0
19812,0
5012,0
17655,0
16296,0
5088,0
19733,0
1459,0
16403,0
20190,0
14857,0
18917,0
19499,0
7947,0
14768,0
17211,0
15075,0
16182,0
9357,0
8366,0
13837,0
19241,0
4801,1
17492,0
14752,0
15420,0
16869,0
17648,0
10495,0
17854,0
2348,0
18185,0
15391,0
14816,0
18906,0
16734,0
17743,0
11321,0
16543,0
17408,0
10360,0
2342,0
18957,0
14944,1
3460,0
19789,0
18159,0
5294,0
10726,0
16102,0
18242,0
3952,0
8440,0
18318,0
1028,0
17653,0
11571,0
16074,0
15689,0
20353,0
18514,0
376,0
12745,0
3804,0
17707,0
9012,0
16699,0
19127,0
12692,0
17896,0
11071,1
8437,0
17493,0
15535,0
18094,0
15122,0
17173,0
6333,0
19741,0
18353,0
14059,0
15263,0
20484,0
14772,0
18538,0
17369,0
20348,0
6890,0
20126,0
3937,0
12038,0
11140,0
14714,0
4094,0
591,0
1100,0
14960,0
18203,0
2484,0
17065,0
13089,0
15335,0
15784,1
777,0
2666,0
15381,1
2620,0
17659,0
19860,0
636,0
10884,0
16700,0
14185,0
17662,0
17176,0
14935,0
1821,0
15541,0
5255,0
16463,0
18818,0
12277,0
11558,0
16058,0
17274,0
9377,0
15503,0
16528,0
17298,0
16218,0
14799,0
2098,0
17580,0
7233,1
7705,0
19921,0
3883,0
16464,0
16141,0
10654,0
5114,0
18462,0
15143,0
13530,0
19003,0
5559,0
17800,0
15479,0
9848,0
19066,0
13922,0
18363,0
15609,0
19857,0
19833,0
12882,0
17399,0
15307,0
12969,0
16129,0
15184,0
17300,0
18172,0
15608,0
19147,0
15330,0
9546,0
4468,1
4551,0
17859,0
2944,0
16797,0
16785,0
9470,0
10095,0
16790,0
6117,0
15376,0
15928,0
8154,0
14632,0
15357,0
18012,0
15283,0
15852,0
12358,0
18165,0
11673,0
16493,0
19558,0
19350,0
18865,0
11283,0
14697,0
11177,0
16472,0
5365,0
17331,0
15480,0
17620,0
1738,0
16078,0
14130,1
17027,0
15025,0
16536,0
20067,0
17242,0
1,0
19912,0
15024,0
13135,0
16317,0
9947,0
11469,0
18630,0
19149,0
17537,0
16225,0
17863,0
7669,0
10046,0
1079,0
9829,0
16202,0
16076,0
8462,0
17851,0
15344,0
16510,0
920,0
8572,0
19378,0
6578,0
17885,0
17112,0
15829,0
15699,0
19323,0
5543,0
17479,0
12623,0
17276,0
9099,0
15447,0
18792,0
16885,0
14179,0
5555,0
17005,0
1814,0
18921,0
16068,0
15849,0
3783,0
17558,0
20144,0
9107,0
17946,0
11001,0
20137,0
17184,0
16034,0
14394,0
19826,1
18252,0
19866,0
859,0
19730,0
10896,0
18184,0
13065,0
16523,0
18443,0
15599,0
7263,0
5141,0
11580,0
1380,0
20185,0
1913,0
20373,0
15493,0
19617,0
17622,0
15743,0
20490,0
3868,0
1875,0
2007,0
14949,0
16807,0
18292,0
19865,0
7999,0
3959,0
14215,0
16377,0
18211,0
19859,0
20128,0
5782,0
4895,0
12640,0
9654,0
17456,0
1300,0
11371,0
13645,0
9519,1
17774,0
17909,0
12765,0
15282,0
18311,0
18440,0
16967,0
19136,0
17649,0
10706,0
16940,0
13737,0
2421,0
2711,0
8646,0
17685,0
14596,0
15358,0
7218,0
15534,0
15114,0
19897,0
2674,0
17334,0
10568,0
17302,0
16639,0
20447,0
8335,0
18888,0
16896,0
19190,0
18589,0
16646,0
8120,0
4389,0
15707,0
16198,0
19115,0
15265,0
8006,0
8571,0
8322,0
16167,0
1989,0
13093,1
10515,0
6506,0
1926,0
5952,0
13597,0
2009,0
9260,0
18026,0
4935,1
1256,0
12309,0
6223,0
5865,0
6087,0
12386,0
1057,0
2543,0
10705,0
11760,0
13542,0
9760,0
94,0
13613,0
1496,0
316,0
8139,0
7387,0
19643,0
1206,0
12762,0
10718,1
2604,0
7660,1
6501,0
9016,0
5869,0
9925,0
1127,0
12133,0
3801,0
16930,0
10217,1
9289,0
3290,0
11276,0
13211,0
15809,0
11811,0
8797,1
15546,0
3362,0
3027,0
9147,0
3827,1
10906,0
6759,0
367,0
3903,0
4785,0
1484,0
6690,0
11744,0
11709,1
16963,0
7828,0
7711,1
18138,0
11798,0
472,0
5270,1
4718,0
11632,0
12050,0
5965,0
7276,0
14810,1
11012,0
5125,0
9039,0
3576,0
16186,0
18310,0
13413,0
3437,0
407,0
2558,0
4826,0
1953,1
303,0
7487,0
9787,0
1482,1
3355,0
13775,1
11200,0
703,0
7730,0
11890,0
16075,0
8674,0
4558,0
7308,0
1596,0
8473,0
7623,0
9567,1
9448,0
19566,0
15776,0
11129,0
9912,0
330,0
6125,1
12135,0
4923,0
13531,0
7351,0
1536,0
1031,0
10882,0
4549,1
19418,0
11149,0
14485,0
12184,0
10547,1
1050,0
2210,0
9988,0
11896,0
1663,0
6107,0
13729,0
13574,0
4483,0
1359,0
4515,1
1751,0
295,0
14429,0
5958,0
6152,0
3126,0
2873,1
12610,0
5393,0
4477,0
13551,0
788,0
6028,0
3349,0
12005,0
13202,1
5920,0
550,0
91,0
2577,0
1349,0
13958,1
20001,0
8728,0
8458,0
8587,0
368,0
7280,0
209,1
11239,0
9930,0
4749,0
1737,1
15356,0
9420,0
7690,0
6363,0
10308,0
6749,1
78,0
7856,0
7968,0
3454,0
12868,0
10550,0
4235,0
7503,0
13874,0
5611,0
6720,0
8740,1
7759,0
8186,0
3749,0
18340,0
12779,0
11931,0
4934,1
9026,0
7857,1
8061,0
87,0
6310,0
19875,0
1168,0
17202,1
7795,0
8959,0
15047,1
3326,0
308,0
3723,0
11789,1
5190,0
6273,0
397,1
11468,0
4151,0
10313,0
20305,0
6080,0
6568,0
1867,1
9297,1
9080,0
8543,0
4657,0
2220,0
18283,0
6222,1
7915,0
1940,0
8890,1
11538,0
7607,0
5911,0
10897,0
2999,0
17142,1
14115,0
507,0
10310,1
7680,1
12709,0
13870,0
5326,1
2035,0
14389,0
7108,0
3969,0
4471,0
15622,0
9549,0
12458,0
11268,0
7000,0
4820,0
1695,0
11088,0
10922,0
14005,0
5520,1
17490,0
11035,1
7610,0
1920,1
12707,0
4557,1
6297,0
14188,0
15384,0
10293,0
1519,0
1228,0
1960,0
6207,1
14325,0
10081,0
7544,0
17111,1
16843,0
1089,0
645,0
11205,0
4666,0
11929,0
1651,0
20022,0
5926,0
4875,0
4531,1
16955,0
4795,0
671,0
8734,1
8555,1
3225,0
1646,0
11894,0
105,0
3224,0
5445,0
7291,1
4497,0
6122,0
13192,1
8519,0
13472,0
14755,1
8389,0
3687,0
17449,0
1761,0
2472,0
6254,0
6949,0
11829,0
823,0
5052,0
13500,0
7079,0
853,0
7560,0
301,0
1060,0
10677,0
11252,0
8838,0
9572,0
4629,0
18405,0
3223,0
3930,1
10008,0
15165,0
135,0
638,0
5923,0
15621,0
3069,0
14344,0
10926,0
7677,0
742,0
984,0
11091,0
14655,0
19800,0
5605,0
17820,0
3706,1
10684,0
12920,0
13322,0
17155,0
8932,1
9191,0
15509,0
7592,0
12301,0
13663,0
12959,0
468,0
10069,0
7700,0
15018,0
11631,0
7402,0
20023,0
9052,1
9751,1
16399,0
4844,0
4723,0
9942,0
11063,1
11331,0
3325,0
20401,0
3280,1
4313,1
14739,0
18168,1
19955,0
14564,0
9072,0
3270,1
11068,0
15530,0
11776,0
1665,0
7391,0
8851,0
5340,0
4526,0
10319,1
8676,0
11604,0
1233,1
14171,0
3514,0
11746,0
17926,0
11097,0
756,1
427,0
11741,0
7412,0
6818,0
2532,0
12899,0
5729,0
13002,0
1446,1
7034,1
6327,0
10496,0
9187,0
17677,0
10804,0
16337,0
10239,0
8282,0
12524,0
20052,0
3790,0
9597,0
15923,1
9759,0
104,0
292,0
17265,0
12827,0
12646,0
10606,0
11730,1
1946,0
8249,0
15315,0
18672,0
19476,0
2790,1
3446,0
17890,0
8919,0
14245,1
9365,0
5517,0
3151,0
8625,0
4002,0
4753,0
8075,0
2682,0
654,0
3240,0
363,0
8738,0
9727,0
10151,0
4823,0
9743,0
11845,1
19291,0
19089,0
15992,1
4576,0
13957,0
13560,0
5515,0
14524,1
17949,0
7371,0
5919,0
17646,0
12856,0
5856,0
17672,0
17779,0
5368,0
268,0
12392,0
12773,0
11349,0
4108,0
2032,0
8252,0
7674,0
887,0
10808,1
2230,0
1863,1
10213,0
4378,0
8770,1
771,0
11240,0
10449,0
9046,1
13269,0
8438,1
3137,0
1753,0
15562,0
9032,0
17289,0
18037,0
12232,1
5510,0
20139,0
987,0
6294,0
1239,0
11171,0
4703,1
1560,0
6059,1
7287,1
1240,0
5136,0
8795,0
10535,1
4188,0
5745,0
9435,0
7158,0
14039,0
18446,0
6331,0
10353,0
10205,0
5456,0
11285,0
1002,0
1853,0
7177,0
4254,1
8238,0
10864,0
1890,1
12896,0
1984,0
13906,0
3251,0
12955,0
13396,0
4966,0
425,0
10030,0
14366,0
8915,0
8066,0
12971,0
2201,0
2894,0
13229,0
7765,1
176,0
10936,0
6119,0
12457,1
4988,0
9564,0
2447,0
10425,0
7136,0
7228,0
12079,0
3761,0
14332,0
10166,0
11921,0
5219,0
8137,0
8570,0
11420,0
13039,1
505,0
12447,0
9214,1
9842,0
7571,0
177,0
8423,0
1365,0
8658,1
14000,0
14322,0
6977,0
13555,0
13993,0
1571,0
3090,0
9862,0
12631,0
7294,1
14241,0
5625,0
6329,0
2203,1
9313,0
14513,1
1935,0
5657,0
9801,0
7621,0
219,1
9050,0
2788,0
11843,0
6580,0
13532,1
13588,0
2163,0
8116,0
11358,1
7033,0
13904,1
8670,0
5271,0
10951,0
2853,0
9982,0
6389,0
5575,0
6011,0
9778,1
9547,0
5886,0
4256,0
9345,0
1528,0
3336,0
8135,0
10993,0
12930,0
7395,0
1922,0
1345,1
7583,0
1454,0
633,0
1923,0
8345,0
11717,1
3056,0
6569,1
10581,0
8499,0
1744,1
14272,0
12830,0
29,0
8618,0
10560,0
2406,0
2228,0
11756,1
12009,0
10423,0
4536,0
12505,0
9880,0
158,0
4959,1
6339,1
4231,0
9432,0
14264,0
6931,1
11791,0
5747,0
8588,1
12635,0
908,1
7074,0
8194,0
1142,0
1949,1
12273,0
5425,0
5913,0
613,0
8484,1
10596,0
107,0
14294,0
14053,0
10854,0
2770,0
7991,0
11809,0
13473,0
7640,0
7512,0
1941,0
4027,0
1830,0
10074,0
296,0
12939,1
3030,1
13060,0
12644,1
12586,0
7855,0
2768,0
3271,0
4717,0
253,1
7028,0
13008,1
456,0
8015,0
9473,0
2750,1
8663,0
12459,1
2464,0
7234,1
9386,0
7641,1
9341,1
8650,1
6786,0
7432,0
14073,0
10245,0
7313,0
12269,0
3239,0
8855,0
14504,1
12978,0
10452,1
2185,1
8163,0
5909,1
11833,0
4320,0
2592,0
13599,0
9552,0
873,1
13015,1
13254,0
10251,0
5781,0
1877,0
8168,0
11806,0
11401,0
4223,0
11317,0
11455,0
2908,1
11981,0
711,0
11484,0
3845,0
12637,0
3110,0
13415,0
10196,0
12552,0
9631,0
9475,0
10339,1
1221,0
1672,1
13176,1
13228,0
7875,0
10296,0
8742,0
6343,0
13754,0
13768,0
1108,0
4326,1
1238,1
1561,0
11980,0
12420,1
8113,0
10086,1
5317,0
11857,0
5147,0
2441,0
13209,0
4698,0
4773,1
7225,0
8391,0
2823,0
10910,0
10260,0
7170,0
9023,0
9285,1
5676,0
13823,0
4354,1
8021,0
5470,1
4911,0
11542,0
10397,0
6567,0
8564,0
997,0
4372,0
164,0
5289,0
8412,0
12569,1
13569,0
2663,0
1565,1
5127,1
12921,0
11017,0
7322,0
7489,0
6048,0
4582,0
14492,1
8926,0
2883,1
3720,1
7127,0
12716,0
4136,0
3114,1
1357,0
12472,0
13327,0
9088,1
1133,0
4631,0
240,0
13722,0
10298,1
512,0
6054,0
7437,0
382,0
2212,0
4267,1
6221,0
9488,1
12279,0
7675,1
8236,0
7209,0
11080,0
2156,0
12108,0
8514,0
813,0
12755,1
9837,0
6477,0
14532,0
8411,0
2306,0
5663,0
2560,1
5615,0
6360,0
3618,0
1499,0
3512,0
9043,0
1985,1
12172,0
10635,0
8671,0
4427,0
4883,0
1384,0
244,0
7469,0
10068,1
13374,0
1789,0
2059,0
4586,0
7905,0
13001,0
13704,0
11576,1
6726,0
807,0
2402,0
1073,1
13628,1
12293,1
4524,0
8848,0
2432,0
6686,0
13157,0
191,0
3303,0
1717,0
2696,1
1942,0
1319,0
165,0
14282,1
12031,1
4172,0
10006,0
12816,0
238,0
10602,0
4507,0
14318,1
5103,1
13450,0
8933,0
690,0
1993,0
10825,0
4986,0
12812,0
11599,0
5310,0
13422,0
5634,0
3252,0
5366,1
2895,1
11185,0
1072,0
7011,0
10860,1
5793,0
13386,0
159,0
1589,0
13364,0
10207,0
7295,0
3802,0
3825,0
8491,0
9569,0
2352,0
785,0
9649,0
5744,0
3744,0
3321,1
13860,0
2044,1
40,0
13230,0
13368,0
10851,0
10595,0
5891,0
1778,1
3081,0
9496,0
9951,0
7165,0
7394,1
12686,0
12329,0
4107,0
7446,0
236,0
13711,1
12345,0
13076,0
14051,0
9108,0
1367,1
13598,0
3568,0
10552,1
13994,0
11561,0
3453,0
12732,0
8357,1
8073,0
1435,0
7009,1
13481,0
11593,0
4494,0
1500,0
8820,0
4806,0
2343,0
6722,0
10093,1
13087,0
5797,1
1759,0
10314,0
7970,0
10541,0
814,0
5779,1
5984,0
6565,0
9865,1
4324,1
5622,0
6168,0
6269,0
14388,0
14489,0
3419,0
13456,0
13843,1
504,0
11714,0
13807,0
14512,1
7357,1
11657,0
3913,1
11938,0
9823,0
5881,0
13407,0
1081,0
4780,0
699,1
1154,0
5759,0
11447,1
6374,0
11837,0
13417,0
14502,0
2747,0
11363,1
14305,0
483,0
7466,0
121,0
6381,0
10346,0
10712,0
9575,1
5665,0
13866,0
13736,0
8180,0
9409,1
7599,0
2556,0
2095,0
3608,0
8404,0
3537,0
7442,0
7517,0
2134,0
1085,0
4819,0
6164,0
11199,0
2764,0
1302,0
2874,0
8842,0
7361,0
2697,0
9720,0
1835,0
982,0
9453,0
11244,0
4693,0
6015,0
7582,0
1833,0
14116,0
8056,0
8909,0
11436,0
8845,0
1795,0
4816,0
12842,0
2275,0
5631,0
3834,0
160,0
6434,0
1276,0
3651,0
13571,0
4885,0
1929,1
12375,0
14491,0
1455,0
11903,0
8944,0
1226,0
14458,0
903,0
13453,0
9501,0
167,0
3550,0
13370,0
7588,1
3289,0
8882,0
14447,0
11147,0
334,1
1955,0
533,1
13879,0
13352,0
4514,1
12123,0
1281,0
4294,0
3076,0
7913,1
6974,0
12786,0
3013,0
11793,0
11778,0
8898,0
10540,0
575,0
3448,0
13366,0
6357,0
8284,0
13003,0
10331,0
5973,0
7285,0
6959,0
6549,0
13488,0
9619,0
12240,1
13080,0
8410,0
9992,1
7344,0
7591,0
10859,0
3101,0
3099,0
10599,0
7886,0
10341,0
3221,0
3546,1
8873,0
7687,1
3447,1
6029,1
5142,0
12176,0
2900,0
2792,0
7535,0
2884,0
3714,0
9282,0
11495,0
2037,0
4762,0
13387,0
9526,0
12221,1
12740,0
6215,0
12781,0
4851,0
9853,0
11403,0
4929,1
12027,0
7628,0
5964,0
2536,0
7809,0
12498,0
5441,0
10212,0
8141,0
2154,0
11839,0
1508,0
1711,0
337,1
10281,0
11250,1
239,1
5280,0
2331,0
333,0
6247,0
13305,0
173,0
399,0
8730,0
13266,0
11895,0
4096,0
1675,0
1896,0
11243,0
13836,0
2029,0
11941,1
10610,0
3025,0
1851,0
4139,1
1474,0
11751,0
1217,0
13345,0
3205,0
8285,0
679,0
1497,1
5981,0
11540,1
12105,0
1187,1
10574,0
776,0
3360,0
9893,0
811,0
12324,0
11897,0
11648,0
1844,0
4473,0
9514,0
4643,0
9161,0
12072,0
10311,0
70,1
10373,0
6274,0
12517,0
13079,0
1360,1
13525,0
10388,0
3283,0
4802,0
6505,0
12194,0
4676,0
620,1
11090,1
10669,0
11522,0
3909,0
7273,0
10333,0
2366,0
8408,0
10877,1
7546,0
11973,1
12166,0
4840,0
1801,0
4756,0
1919,1
14093,0
12944,0
1626,0
11505,0
12965,1
12741,0
9239,0
6158,0
10508,0
92,0
8846,0
675,0
7410,0
3822,0
13408,0
3206,0
6277,0
7091,0
4513,0
4606,0
7252,0
14224,1
3428,0
13730,0
4861,0
8930,0
1973,1
13495,1
12507,0
5765,0
65,0
11697,0
6026,0
4511,0
1264,0
11607,1
1463,1
10208,0
10731,0
10600,0
6144,1
2102,0
11081,0
3424,0
8011,0
480,1
3104,0
5205,0
1709,1
430,0
227,0
4182,0
6037,0
2758,0
11491,0
8967,0
14263,0
6081,0
9781,0
12733,1
13361,0
7364,0
2273,0
6182,1
10984,0
14120,0
6618,0
3082,0
2901,0
6883,0
8899,0
5778,0
4503,0
11124,1
3319,0
13326,0
10475,1
13405,0
6000,0
13155,0
3139,0
6005,0
13381,0
11920,1
3811,0
4568,0
7773,0
10264,0
14085,0
8741,0
7407,0
8903,0
3182,0
1879,1
5329,0
6038,0
7377,1
5868,0
10585,1
11753,0
5912,0
10708,0
2916,0
13123,0
2130,0
13624,0
9176,1
8749,1
14497,0
5166,0
13030,0
9921,0
7581,0
3347,0
6853,1
11762,0
10025,0
5938,0
2587,0
3247,0
783,0
6596,1
109,0
11685,1
9258,0
5006,0
270,0
5061,0
5780,1
1699,0
7065,0
7105,0
7756,1
10766,0
9574,0
11807,1
2870,1
12509,0
966,0
10218,0
225,0
7548,0
9894,0
7903,1
1736,1
11539,0
1568,0
743,0
7420,0
1721,0
8539,1
13559,1
6400,0
1259,0
13701,1
5024,0
792,0
13431,0
1387,0
12849,0
12436,0
14323,0
8067,0
13535,0
9037,0
10203,0
9096,0
13317,0
395,0
10292,1
13014,0
858,0
1951,0
6944,0
11242,0
7447,0
5095,1
12171,0
11796,0
8524,0
3675,0
328,0
2544,0
11077,0
2178,0
13720,0
13938,0
4619,1
4264,1
10652,0
10955,0
10427,0
10591,0
12417,0
6379,0
14550,0
10321,0
13579,0
4271,0
7633,0
5795,0
1752,1
6014,0
1294,0
5335,0
12949,0
8828,0
1564,0
13717,1
4597,0
11353,0
2302,0
8880,0
48,1
8540,0
7743,0
1928,1
6030,0
10367,0
10255,1
12729,0
9322,0
12467,0
2024,0
9383,0
3250,1
10917,0
403,1
4689,0
5851,0
14313,0
9296,1
9368,0
8032,0
3443,0
10390,0
3317,1
8945,1
7054,0
11630,0
8624,0
8102,1
9257,1
98,0
1876,0
6022,0
5092,0
14227,0
10379,0
3874,0
7072,1
14307,0
13362,0
1680,0
7557,0
13733,1
739,1
13313,0
11089,0
1641,0
12479,0
11332,0
2131,0
3122,0
1532,1
2831,0
3276,0
7367,0
6965,0
7505,0
151,0
10235,0
3237,0
13273,0
4593,0
283,1
6413,0
10318,0
8895,1
8518,0
7325,0
13854,0
13276,0
12230,0
498,0
13264,1
13329,0
10364,0
9824,0
9053,0
10741,0
9216,0
6947,0
13335,0
3624,0
10003,0
1894,0
7769,0
7090,0
3793,0
7686,0
4479,0
731,0
4588,0
9973,0
3339,0
11772,0
4712,0
3332,0
10232,0
1514,0
2068,0
5521,0
4623,0
14230,0
9953,0
2296,0
11923,0
11440,1
2580,0
11606,1
3197,1
1784,0
2038,0
13466,0
4056,0
4321,0
6470,0
11458,0
9095,0
924,0
11514,0
6559,0
5982,0
9082,0
421,0
1725,0
7211,0
6533,0
2155,0
4516,1
1464,0
11350,1
8989,0
7008,0
8504,0
4362,0
12615,0
5696,0
11463,0
10291,0
14220,0
242,0
8832,1
2778,0
13956,0
10530,0
6394,0
7454,0
609,1
13648,0
662,0
12608,0
5807,0
11864,0
10401,0
4563,0
12943,0
11984,0
5983,0
13492,0
10374,0
5929,0
3121,0
931,0
691,0
9021,0
4926,0
5956,0
11818,0
140,0
5877,0
3217,0
3075,1
2541,0
5313,0
3907,0
9890,0
985,0
10914,0
3580,0
71,0
4624,0
584,1
7347,0
6995,0
11273,1
3359,1
11410,0
1874,0
9259,0
12852,0
5447,0
336,1
7692,0
12851,0
6582,0
3255,0
4529,0
12380,0
6982,0
2217,0
13299,1
8490,0
2735,0
7957,0
954,0
3306,0
10531,0
5991,0
11999,0
4234,0
3816,0
11803,1
1200,0
3278,0
12625,1
10451,0
10409,0
12905,0
4396,0
4195,0
12768,1
1988,0
6261,1
6989,0
6043,0
8112,0
4769,0
166,0
13689,0
12067,0
13156,0
5810,0
3180,0
13979,0
8811,1
13401,0
11908,0
2745,0
11867,0
11849,0
4213,0
10070,1
3167,0
4945,0
5585,1
5565,0
7190,0
2828,1
12737,0
11948,0
8605,1
3906,0
364,0
12869,0
5867,1
12021,0
10485,0
2660,0
340,0
10913,0
6139,0
14138,0
8767,0
7064,0
6031,0
11381,0
3052,0
13654,0
3311,0
4697,0
10332,0
7815,0
8921,1
13803,0
13686,1
9031,0
7418,0
9122,0
5433,0
3864,0
12150,0
6710,0
6519,1
7345,0
9135,0
1974,0
4998,1
10195,0
2097,0
1283,0
541,0
14226,0
5036,0
12087,1
7604,1
1724,0
13057,0
10773,0
6303,0
9832,0
6979,0
5439,0
9223,0
8656,0
7993,0
10837,0
3292,0
10340,0
1638,1
7340,0
5907,0
8325,0
7426,0
7421,0
7227,0
9852,0
3610,0
13178,0
12178,0
5450,0
13965,0
10055,0
7595,0
6570,0
6980,0
3178,0
9499,0
11970,0
13760,0
3216,0
525,0
956,0
13518,0
2920,0
10433,0
8783,1
13399,0
8920,0
3380,1
3676,0
11700,0
362,0
4133,0
10426,0
9374,0
12045,0
9130,0
2120,0
481,0
7715,1
5475,1
4831,0
3054,0
4873,0
8038,0
951,0
5588,0
13224,0
11694,0
4662,0
2443,0
77,1
3391,1
8512,1
6988,0
6233,0
8837,0
9111,0
6767,0
1605,1
3812,0
3596,1
12772,0
13013,0
4300,0
4164,0
7043,1
10320,0
11470,0
8580,0
10176,0
10357,0
4809,1
13428,0
10188,1
3709,0
1542,0
9348,0
4491,1
4171,0
12043,1
2143,0
2967,1
728,1
3267,0
13479,0
8002,0
1931,0
4777,0
10647,0
1816,0
11296,0
6295,0
14589,0
4736,0
2385,0
2911,0
197,0
202,0
3304,1
663,0
5530,0
7526,0
10921,0
161,0
1899,0
11964,0
2664,0
7792,1
8839,0
359,0
14459,0
3181,0
8010,0
2688,0
14030,1
2928,1
2069,0
4467,0
10275,1
10347,0
12128,0
4501,1
11802,0
14104,1
12604,0
5038,0
84,0
2231,0
8299,1
7596,0
1225,0
4901,1
9872,1
6661,0
9093,0
9134,0
13484,1
3427,1
11610,0
11842,0
1623,0
12683,0
1451,1
10548,0
2019,0
13337,0
13321,0
1415,0
1760,1
2036,0
39,0
264,0
1417,0
5789,0
11419,1
13616,0
7309,0
4217,1
1509,0
1613,0
13252,0
9304,0
5985,0
583,1
8736,0
14239,0
3264,1
56,1
6861,1
3285,0
13292,0
1009,0
8146,0
11910,0
5210,1
13180,0
9219,0
1502,1
10524,0
8949,1
445,1
10187,0
5994,0
1590,1
12861,1
6358,0
5731,0
9642,0
8022,0
14327,0
1893,1
9379,0
1620,0
10283,0
9062,0
7382,0
10973,0
11705,0
8024,0
1134,0
6033,0
3664,0
13752,0
3630,0
13283,0
7835,0
3361,0
5075,0
4628,0
11439,0
3750,1
6256,0
8894,0
767,0
13564,0
13891,0
7373,0
1667,0
488,1
1939,0
3911,0
11722,0
8987,0
7617,1
5941,0
1622,0
8152,0
5988,0
5878,0
11835,0
11589,0
10173,0
9789,0
13067,0
7629,0
8666,1
6265,0
6072,0
12440,0
2310,0
1280,0
5211,0
11519,0
10072,0
13402,0
3234,1
12890,0
5259,0
8030,0
12558,1
4342,1
8496,0
8076,0
9854,0
12612,0
6688,0
14304,0
4585,0
5102,0
10228,0
9315,0
9838,0
10865,1
7014,1
1107,1
8309,0
6472,0
6551,0
8237,0
3387,0
2619,0
6669,0
5804,0
13190,1
6088,0
9535,0
6583,0
9418,0
554,0
2236,0
11836,0
13842,1
289,0
8836,0
7070,0
1662,0
8522,0
1521,0
12787,0
3774,0
871,0
1943,0
9771,0
5545,0
6053,0
12347,0
3147,0
170,0
4764,0
2517,0
6746,0
5768,1
2570,1
2060,0
12290,0
2215,0
4064,0
14393,0
260,0
5767,0
2628,0
9402,0
13106,0
7039,0
185,0
12598,0
10869,0
562,0
5897,0
12597,1
232,0
3157,0
10366,0
11838,0
656,0
10624,0
5591,0
3218,0
11103,0
11396,0
12492,0
5830,0
13909,1
4890,0
939,0
4701,0
2,0
13471,0
5087,0
3878,0
11215,0
3034,1
14553,1
712,0
13151,1
3581,1
13197,1
14158,1
12227,0
748,0
13974,0
12958,0
9918,1
14280,0
11027,0
5835,0
3022,0
3936,0
3145,0
6016,0
14521,0
4709,0
5336,0
12568,0
10372,0
7406,0
10024,1
8501,0
12601,0
5176,0
12129,0
261,1
6997,1
7706,1
12848,0
8098,0
4200,0
9436,0
9661,0
9057,0
6923,0
5499,0
5338,0
8938,0
7837,0
3144,0
4603,0
8872,0
2842,0
2931,0
7566,0
8869,0
14279,0
11460,0
6009,0
10165,0
269,1
2775,0
3805,0
6336,1
12945,1
2942,1
8385,0
11676,0
9813,1
3645,0
13414,0
4390,1
5668,0
1914,0
9171,0
1708,0
12336,0
5661,0
10785,0
11749,0
10102,1
258,0
11116,0
1171,0
7531,0
3384,0
12485,0
1428,0
2665,0
4255,0
14114,0
1798,0
7010,0
12975,0
8467,0
14135,0
7491,0
5233,0
9752,0
4675,0
14269,0
13919,0
8592,1
5319,0
12418,0
8041,0
8356,0
12342,0
13395,0
10395,0
11641,0
4612,0
7984,0
8175,0
6313,0
2539,0
13923,0
10716,0
8208,0
6616,0
8529,0
14423,0
8935,0
8843,0
13367,0
14572,0
6896,0
13982,1
7738,0
8660,0
7175,1
13691,0
8121,0
9509,0
5371,0
14371,0
905,1
10129,0
5746,0
11947,0
1064,0
11716,1
14400,0
13437,0
12887,0
11674,0
7425,0
1352,1
8213,0
263,0
1442,0
2404,0
14587,0
13813,0
12769,0
10612,0
4715,0
9655,0
5440,0
11735,1
2227,0
7300,0
4849,0
7983,1
831,0
7702,0
4257,0
9254,1
791,0
13694,0
2124,1
7138,0
6459,0
11678,0
15,0
2128,0
2957,0
13660,0
6018,0
567,0
5444,1
2921,0
4215,1
13684,0
10887,0
11170,0
12561,0
8093,1
2340,0
883,0
1977,0
11131,0
8651,0
11846,0
5120,0
7579,1
12545,0
2984,0
5880,0
10732,0
10192,1
1421,0
1377,0
4867,0
1864,0
11868,0
684,0
13019,0
4684,0
5790,0
13831,1
3413,0
5769,1
7195,0
14314,0
6300,0
10391,0
11299,0
12675,0
13670,0
12491,0
832,0
12952,0
13134,0
11597,0
12354,1
5260,0
4416,0
12751,0
2272,0
4070,0
11914,0
12314,0
11095,0
1422,1
3690,0
14445,0
10057,1
355,0
12883,0
7456,0
6657,0
1487,0
10931,0
2970,0
10750,0
4598,0
5739,0
10667,0
3392,0
11586,1
3875,1
10386,0
4137,0
4784,0
11189,0
5720,0
12156,0
5682,0
1410,1
4825,0
4626,0
7246,0
156,0
3001,0
12388,0
1067,0
6004,0
12674,0
11646,0
4327,0
1390,0
220,0
8219,0
6772,0
13447,0
8864,0
3569,1
7244,0
8844,0
2575,0
4218,0
7189,0
10243,0
8207,0
10273,0
4290,0
1404,0
8975,0
3164,0
8069,0
2284,0
4827,0
1635,0
8901,0
2821,0
6078,0
6305,0
14520,1
1630,0
11094,0
10776,0
12207,0
7081,0
1014,0
4937,0
5690,0
11590,0
6905,0
11927,0
3259,0
5482,0
4650,0
10088,1
11851,0
8179,0
5347,0
12258,0
13828,1
7137,0
6721,0
4358,1
6652,0
4431,1
2989,0
3712,0
3553,0
8595,1
8601,0
12236,0
4799,0
271,0
9005,1
6960,0
4853,0
11555,1
2717,0
4757,1
11104,0
9333,0
2590,1
6288,0
5301,0
6588,0
5104,0
13403,0
3863,1
5442,0
13446,0
12183,0
7400,0
8004,0
13877,0
1636,0
15027,1
17965,0
13633,0
2234,0
15410,0
2726,0
6510,0
8710,1
16722,0
15773,0
1639,0
10489,0
6209,1
15437,0
19813,0
16731,0
17931,0
18926,0
15575,0
15898,0
19062,0
6741,1
19422,0
15082,0
7914,1
17152,0
5070,0
16120,0
15073,0
4454,1
1991,1
17739,1
20209,0
16757,0
17726,0
14303,0
3856,0
20015,0
17194,0
16685,1
16476,0
9594,0
14662,0
345,0
17431,0
13984,0
19453,0
14978,1
13788,0
17787,0
19410,1
11562,0
17848,0
3187,0
7685,0
19168,0
14675,0
5681,0
15610,0
16783,0
17366,0
18200,1
18629,1
15170,0
9440,0
19276,0
18194,0
3842,0
20580,1
6579,0
17963,0
13064,0
2417,0
17284,0
4960,0
17380,0
16097,0
18855,1
16560,0
14930,0
18059,0
20450,0
17882,0
18144,0
3065,1
20034,0
16143,1
15065,0
18690,1
18015,0
19077,0
20249,1
4747,1
16492,0
18089,0
18256,0
19278,0
15947,0
18838,0
1843,0
770,0
958,1
994,0
11892,0
18576,0
12630,0
16330,0
6939,0
3305,1
10389,0
9292,0
18176,0
20428,0
18375,0
18019,0
13653,1
10788,0
15694,0
17428,0
15615,0
16697,0
14641,0
15350,1
16338,1
20558,0
1186,0
15227,0
19061,0
17557,0
18312,0
5130,0
17941,0
2625,0
15684,0
15861,0
18429,0
18517,1
12398,0
17052,0
11179,0
16732,0
14411,1
20151,0
16046,0
20497,0
17971,1
11859,1
19016,0
18908,0
4655,0
13976,0
20012,1
7799,0
14127,0
19775,0
16005,1
15243,0
12426,0
17063,0
12404,0
701,0
19244,0
18401,0
16694,1
15473,0
14426,1
17983,1
17837,0
16372,0
15881,0
8879,0
15489,0
9232,1
7467,0
19226,1
17120,0
17263,1
15469,0
16387,0
15567,0
11211,1
5839,0
17748,1
20544,1
6620,0
14865,0
10358,0
18455,0
15128,0
17858,0
15225,1
18650,0
15851,0
18294,0
16899,0
19455,0
16919,0
20068,0
7445,0
10937,0
6232,0
18611,0
15946,0
18828,0
12778,0
20444,0
15685,1
14678,1
5266,0
15487,0
20357,0
11279,0
3138,0
19997,0
17966,0
18202,0
171,0
18419,0
7933,0
20564,0
10061,0
5402,1
12117,0
15212,0
1644,0
20057,0
4932,0
7774,0
14629,0
12451,1
16547,0
16116,0
14776,0
3939,0
16004,0
15972,0
16946,0
17384,0
17617,0
3177,0
15161,0
15086,0
17238,0
19712,1
18102,0
9460,0
2462,0
14884,0
16925,0
9497,1
3871,0
20171,0
15735,0
15160,0
9788,0
17552,0
13680,0
18596,0
17559,0
3552,0
19670,0
16753,0
8367,0
9280,0
15253,0
9741,1
15950,0
16402,1
17360,0
15088,0
12251,0
19104,0
6093,0
5571,0
5738,0
15649,0
19107,0
15072,1
929,0
11172,0
17815,1
16300,0
15686,0
17522,0
1958,0
19059,1
14939,1
13975,0
15941,0
16044,0
19552,0
10047,1
19597,0
18937,1
7967,0
9715,0
15710,0
10828,0
19999,0
16690,0
19529,1
16133,0
10177,0
18180,0
17905,0
16713,0
11372,1
19152,0
17771,0
7973,0
20170,0
19890,0
12977,0
18935,0
15679,1
3330,0
417,0
18048,0
14098,0
8096,0
19711,0
17364,0
3987,0
17340,1
16482,0
15087,0
19894,0
9914,0
1059,0
19488,0
953,0
902,1
934,0
18324,0
6790,1
14092,0
10479,0
14146,0
9560,0
932,0
19654,0
5339,0
6674,0
13934,0
17996,0
12577,0
1149,0
15767,1
16195,0
9119,0
6156,1
6805,0
10265,0
5228,0
3708,0
14819,0
19126,0
9624,1
16822,0
19589,0
10824,0
19805,0
20386,0
957,0
18439,0
13141,1
12680,0
6942,0
17349,0
18000,0
17747,1
14498,0
12510,0
19247,0
17414,0
18332,0
11054,0
16112,0
13738,0
13154,0
6041,0
3885,0
2419,1
19320,0
7768,0
8060,0
5235,0
16451,0
250,0
14657,1
19308,0
16067,0
7393,0
3010,1
723,0
2321,0
437,0
10486,0
15218,1
14037,0
17593,0
3899,0
18758,0
7928,0
3715,0
5231,1
8376,0
6382,0
7910,0
18847,0
20058,0
4145,0
17303,0
2104,0
19899,0
11186,0
15641,0
2424,0
18725,0
16998,0
12474,0
18107,0
7122,0
2384,0
18646,0
12497,0
14868,1
16232,0
3471,0
16832,0
10900,0
20420,0
14113,0
3249,0
15525,0
17764,0
19120,0
922,0
7943,1
19255,1
8053,0
2479,0
15328,0
10893,0
9637,1
9474,0
3943,1
